CarrierName,flight_count,stddev_departure_delay
American Airlines,957,42.59804487791594
British Airways,1059,42.76365685988024
Lufthansa,986,43.104359410474885
Qantas,984,43.276569528979465
Singapore Airlines,997,43.34014158599843
Emirates,1021,43.56764992767534
Southwest Airlines,1018,44.13916878247878
Delta Airlines,986,44.154834928876134
Air France,1024,44.202443884160466
United Airlines,968,44.66575091578164
